,URL_ID,URL,POSITIVE SCORE,NEGATIVE SCORE,POLARITY SCORE,SUBJECTIVITY SCORE,AVG SENTENCE LENGTH,PERCENTAGE OF COMPLEX WORDS,FOG INDEX,AVG NUMBER OF WORDS PER SENTANCE,COMPLEX WORD COUNT,WORD COUNT,SYLLABLE PER WORD,PERSONAL PRONOUNS,AVG WORD LENGTH
0,1,https://insights.blackcoffer.com/how-is-login-logout-time-tracking-for-employees-in-office-done-by-ai/,13,9,0.18181817355371938,0.05326876500419185,14.884615384615385,29.198966408268735,35.15281256211489,14.884615384615385,113,413,2.10077519379845,5,6.627906976744186
1,2,https://insights.blackcoffer.com/how-does-ai-help-to-monitor-retail-shelf-watches/,24,3,0.7777777489711944,0.07180851044731779,12.428571428571429,33.9080459770115,38.87947454844007,12.428571428571429,118,376,2.2586206896551726,4,6.956896551724138
2,3,https://insights.blackcoffer.com/ai-and-its-impact-on-the-fashion-industry/,67,20,0.5402298788479324,0.07952468000043447,13.025641025641026,36.51574803149607,41.72600444175248,13.025641025641026,371,1094,2.2923228346456694,13,6.952755905511811
3,4,https://insights.blackcoffer.com/how-do-deep-learning-models-predict-old-and-new-drugs-that-are-successfully-treated-in-healthcare/,12,0,0.9999999166666736,0.04838709657908429,15.533333333333333,35.1931330472103,41.406466380543634,15.533333333333333,82,248,2.3047210300429186,1,7.120171673819742
4,5,https://insights.blackcoffer.com/how-artificial-intelligence-can-boost-your-productivity-level/,44,14,0.5172413703923902,0.08618127773227151,11.017857142857142,36.79092382495948,41.198066682102336,11.017857142857142,227,673,2.2625607779578605,37,6.917341977309563
5,6,https://insights.blackcoffer.com/how-are-genetic-sequencing-maps-affected-by-deep-learning-and-ai/,40,13,0.5094339526521896,0.07817109133013113,12.038461538461538,42.33226837060703,47.14765298599165,12.038461538461538,265,678,2.3961661341853033,3,7.119808306709265
6,7,https://insights.blackcoffer.com/how-is-ai-used-to-solve-traffic-management/,46,35,0.1358024674592288,0.0878524944817218,13.870967741935484,37.325581395348834,42.873968492123026,13.870967741935484,321,922,2.305813953488372,2,6.997674418604651
7,8,https://insights.blackcoffer.com/benefits-of-big-data-in-different-fields/,55,15,0.5714285632653062,0.06329113918328107,12.487804878048781,39.0625,44.05762195121952,12.487804878048781,400,1106,2.388671875,6,7.0419921875
8,9,https://insights.blackcoffer.com/how-big-data-will-impact-the-future-of-business/,67,10,0.7402597306459775,0.07723169500779169,12.472972972972974,38.24485373781148,43.23404292700067,12.472972972972974,353,997,2.3098591549295775,6,6.845070422535211
9,10,https://insights.blackcoffer.com/how-will-ai-make-decisions-in-tomorrows-wars/,23,24,-0.021276595291987336,0.1437308864106089,8.342857142857143,37.67123287671233,41.00837573385519,8.342857142857143,110,327,2.3184931506849313,1,6.773972602739726
10,11,https://insights.blackcoffer.com/which-one-is-better-ai-or-big-data/,24,4,0.7142856887755111,0.07161125301378196,10.5,39.49579831932773,43.695798319327736,10.5,141,391,2.4089635854341735,1,6.871148459383753
11,12,https://insights.blackcoffer.com/how-robots-can-help-in-e-learning-platforms/,28,37,-0.138461536331361,0.08114856419332264,9.824324324324325,27.097661623108667,31.027391352838396,9.824324324324325,197,801,2.0894085281980743,34,6.584594222833562
12,13,https://insights.blackcoffer.com/how-does-big-data-help-in-finance-and-the-growth-of-large-firms/,27,21,0.1249999973958334,0.07250755276056262,10.614035087719298,38.51239669421488,42.7580107293026,10.614035087719298,233,662,2.2743801652892564,5,6.687603305785124
13,14,https://insights.blackcoffer.com/future-of-work-robot-ai-and-automation/,16,6,0.4545454338842984,0.06874999978515625,10.851851851851851,42.32081911262799,46.66155985336873,10.851851851851851,124,320,2.477815699658703,5,7.334470989761092
14,15,https://insights.blackcoffer.com/how-ai-will-help-the-defense-power-of-a-country/,28,53,-0.3086419714982473,0.10305343498339258,7.361702127659575,34.53757225433526,37.48225310539909,7.361702127659575,239,786,2.2427745664739884,6,6.716763005780347
15,16,https://insights.blackcoffer.com/future-of-ai-and-machine-roles-in-the-medical-sector/,28,14,0.3333333253968256,0.08823529393227879,12.222222222222221,38.63636363636363,43.525252525252526,12.222222222222221,170,476,2.2795454545454548,7,6.8977272727272725
16,17,https://insights.blackcoffer.com/ai-in-healthcare-to-improve-patient-outcomes/,66,35,0.3069306900303892,0.08805579765644655,13.518987341772151,40.823970037453186,46.23156497416205,13.518987341772151,436,1147,2.3885767790262173,4,7.27808988764045
17,18,https://insights.blackcoffer.com/what-if-the-creation-is-taking-over-the-creator/,57,37,0.2127659551833409,0.12668463594786436,8.275,32.62839879154078,35.938398791540784,8.275,216,742,2.1495468277945617,8,6.586102719033232
18,19,https://insights.blackcoffer.com/what-jobs-will-robots-take-from-humans-in-the-future/,66,33,0.33333332996633,0.09792284856783101,10.894117647058824,41.90064794816415,46.25829500698768,10.894117647058824,388,1011,2.42548596112311,2,7.314254859611231
19,20,https://insights.blackcoffer.com/will-machine-replace-the-human-in-the-future-of-work/,58,25,0.3975903566555379,0.09845788837668104,7.968085106382978,31.77570093457944,34.96293497713263,7.968085106382978,238,843,2.156208277703605,22,6.692923898531375
20,21,https://insights.blackcoffer.com/will-ai-replace-us-or-work-with-us/,53,26,0.34177214757250446,0.08161157016362441,10.126436781609195,35.8683314415437,39.91890615418738,10.126436781609195,316,968,2.2292849035187285,14,6.889897843359819
21,22,https://insights.blackcoffer.com/man-and-machines-together-machines-are-more-diligent-than-humans-blackcoffe/,45,26,0.2676056300337235,0.10042432800505753,9.712121212121213,34.945397815912635,38.83024630076112,9.712121212121213,224,707,2.21996879875195,31,6.819032761310452
22,23,https://insights.blackcoffer.com/in-future-or-in-upcoming-years-humans-and-machines-are-going-to-work-together-in-every-field-of-work/,25,12,0.35135134185536915,0.08726415073758455,8.217391304347826,38.62433862433863,41.911295146077755,8.217391304347826,146,424,2.248677248677249,11,6.775132275132275
23,24,https://insights.blackcoffer.com/how-neural-networks-can-be-applied-in-various-areas-in-the-future/,61,37,0.24489795668471473,0.12083847087442852,10.753623188405797,34.23180592991914,38.533255205281456,10.753623188405797,254,811,2.223719676549865,20,6.862533692722372
24,25,https://insights.blackcoffer.com/how-machine-learning-will-affect-your-business/,38,14,0.4615384526627221,0.12470023950911213,10.27027027027027,25.263157894736842,29.37126600284495,10.27027027027027,96,417,1.9526315789473685,2,6.28421052631579
25,26,https://insights.blackcoffer.com/deep-learning-impact-on-areas-of-e-learning/,65,42,0.21495326901912834,0.09579230071997108,12.621951219512194,34.492753623188406,39.54153411099328,12.621951219512194,357,1117,2.22512077294686,10,6.742028985507246
26,27,https://insights.blackcoffer.com/how-to-protect-future-data-and-its-privacy-blackcoffer/,47,66,-0.1681415914323753,0.09463986591738704,9.756756756756756,31.671283471837487,35.57398617454019,9.756756756756756,343,1194,2.1745152354570636,0,6.611265004616805
27,28,https://insights.blackcoffer.com/how-machines-ai-automations-and-robo-human-are-effective-in-finance-and-banking/,35,20,0.2727272677685951,0.07735583674070909,11.258620689655173,42.11332312404288,46.61677139990495,11.258620689655173,275,711,2.418070444104135,9,7.376722817764166
28,29,https://insights.blackcoffer.com/ai-human-robotics-machine-future-planet-blackcoffer-thinking-jobs-workplace/,31,24,0.12727272495867772,0.07513661191921228,8.037037037037036,33.333333333333336,36.54814814814815,8.037037037037036,217,732,2.161290322580645,6,6.6036866359447
29,30,https://insights.blackcoffer.com/how-ai-will-change-the-world-blackcoffer/,66,24,0.46666666148148156,0.11083743828714601,11.119402985074627,36.77852348993289,41.22628468396274,11.119402985074627,274,812,2.335570469798658,31,6.990604026845638
30,31,https://insights.blackcoffer.com/future-of-work-how-ai-has-entered-the-workplace/,67,23,0.4888888834567902,0.10044642845932318,10.061728395061728,35.828220858895705,39.852912216920394,10.061728395061728,292,896,2.263803680981595,14,6.9521472392638035
31,32,https://insights.blackcoffer.com/ai-tool-alexa-google-assistant-finance-banking-tool-future/,26,0,0.9999999615384629,0.08552631550813712,12.818181818181818,39.00709219858156,44.134364925854285,12.818181818181818,110,304,2.3652482269503547,0,7.273049645390071
32,33,https://insights.blackcoffer.com/ai-healthcare-revolution-ml-technology-algorithm-google-analytics-industrialrevolution/,81,39,0.34999999708333335,0.16326530590031932,80.66666666666667,34.15977961432507,66.42644628099174,80.66666666666667,248,735,2.213498622589532,18,6.9986225895316805
33,34,https://insights.blackcoffer.com/all-you-need-to-know-about-online-marketing/,26,0,0.9999999615384629,0.04467353944214168,9.210526315789474,37.714285714285715,41.3984962406015,9.210526315789474,198,582,2.198095238095238,0,6.763809523809524
34,35,https://insights.blackcoffer.com/evolution-of-advertising-industry/,15,6,0.4285714081632663,0.04772727261880165,9.731707317073171,45.86466165413534,49.757344580964606,9.731707317073171,183,440,2.468671679197995,0,7.458646616541353
35,36,https://insights.blackcoffer.com/how-data-analytics-can-help-your-business-respond-to-the-impact-of-covid-19/,3,4,-0.1428571224489825,0.04046242751177788,13.416666666666666,40.37267080745342,45.739337474120084,13.416666666666666,65,173,2.409937888198758,2,6.968944099378882
36,37,https://insights.blackcoffer.com/covid-19-environmental-impact-for-the-future/,36,40,-0.052631578254847655,0.12816188848539312,10.403846153846153,36.78373382624769,40.94527228778615,10.403846153846153,199,593,2.256931608133087,33,6.900184842883549
37,38,https://insights.blackcoffer.com/environmental-impact-of-the-covid-19-pandemic-lesson-for-the-future/,25,67,-0.45652173416824204,0.11630847014373139,12.637931034482758,32.87858117326057,37.93375358705367,12.637931034482758,241,791,2.1664392905866303,2,6.742155525238745
38,39,https://insights.blackcoffer.com/how-data-analytics-and-ai-are-used-to-halt-the-covid-19-pandemic/,17,14,0.09677419042663901,0.07848101245954174,11.741935483870968,35.16483516483517,39.861609358383554,11.741935483870968,128,395,2.239010989010989,4,6.65934065934066
39,40,https://insights.blackcoffer.com/difference-between-artificial-intelligence-machine-learning-statistics-and-data-mining/,57,42,0.15151514998469545,0.09850746258854978,9.360824742268042,34.36123348017621,38.10556337708343,9.360824742268042,312,1005,2.1894273127753303,14,6.722466960352423
40,41,https://insights.blackcoffer.com/how-python-became-the-first-choice-for-data-science/,41,3,0.863636344008265,0.11195928724692293,9.916666666666666,33.333333333333336,37.300000000000004,9.916666666666666,119,393,2.215686274509804,4,6.76750700280112
41,42,https://insights.blackcoffer.com/how-google-fit-measure-heart-and-respiratory-rates-using-a-phone/,3,2,0.199999960000008,0.0221238937074164,12.294117647058824,25.358851674641148,30.276498733464678,12.294117647058824,53,226,1.9330143540669857,1,6.311004784688995
42,43,https://insights.blackcoffer.com/what-is-the-future-of-mobile-apps/,22,9,0.4193548251821024,0.04518950430730393,13.91304347826087,25.0,30.565217391304348,13.91304347826087,160,686,1.9328125,4,6.025
43,45,https://insights.blackcoffer.com/impact-of-ai-in-health-and-medicine/,23,8,0.4838709521331951,0.08051948031033901,15.041666666666666,41.27423822714682,47.29090489381348,15.041666666666666,149,385,2.343490304709141,1,7.030470914127424
44,46,https://insights.blackcoffer.com/telemedicine-what-patients-like-and-dislike-about-it/,15,8,0.3043478128544429,0.11004784636340743,6.464285714285714,35.35911602209945,37.94483030781374,6.464285714285714,64,209,2.3480662983425415,0,7.232044198895028
45,47,https://insights.blackcoffer.com/how-we-forecast-future-technologies/,5,0,0.99999980000004,0.047619047165532884,8.545454545454545,37.234042553191486,40.65222437137331,8.545454545454545,35,105,2.382978723404255,2,7.25531914893617
46,48,https://insights.blackcoffer.com/can-robots-tackle-late-life-loneliness/,24,33,-0.1578947340720222,0.12723214257314253,7.0,25.76530612244898,28.56530612244898,7.0,101,448,1.9438775510204083,24,6.122448979591836
47,49,https://insights.blackcoffer.com/embedding-care-robots-into-society-socio-technical-considerations/,10,2,0.6666666111111158,0.11999999880000002,8.090909090909092,25.84269662921348,29.07906026557712,8.090909090909092,23,100,2.044943820224719,1,6.292134831460674
48,50,https://insights.blackcoffer.com/management-challenges-for-future-digitalization-of-healthcare-services/,50,19,0.4492753558076036,0.09311740878121808,12.722222222222221,39.88355167394469,44.972440562833576,12.722222222222221,274,741,2.3828238719068415,0,7.211062590975255
49,51,https://insights.blackcoffer.com/are-we-any-closer-to-preventing-a-nuclear-holocaust/,10,17,-0.2592592496570648,0.09060402654159723,11.956521739130435,33.09090909090909,37.873517786561266,11.956521739130435,91,298,2.1345454545454547,8,6.745454545454545
50,52,https://insights.blackcoffer.com/will-technology-eliminate-the-need-for-animal-testing-in-drug-development/,22,37,-0.25423728382648675,0.10460992889253559,10.058823529411764,30.4093567251462,34.43288613691091,10.058823529411764,156,564,2.0994152046783627,6,6.483430799220273
51,53,https://insights.blackcoffer.com/will-we-ever-understand-the-nature-of-consciousness/,27,48,-0.2799999962666667,0.07598784186830006,12.520547945205479,42.23194748358862,47.24016666167081,12.520547945205479,386,987,2.3446389496717726,21,7.272428884026258
52,54,https://insights.blackcoffer.com/will-we-ever-colonize-outer-space/,42,21,0.3333333280423281,0.07266435977778044,11.565217391304348,29.573934837092732,34.20002179361447,11.565217391304348,236,867,2.072681704260652,20,6.518796992481203
53,55,https://insights.blackcoffer.com/what-is-the-chance-homo-sapiens-will-survive-for-the-next-500-years/,38,25,0.20634920307382218,0.07645631058682487,8.80952380952381,29.864864864864863,33.38867438867439,8.80952380952381,221,824,2.0675675675675675,30,6.4
54,56,https://insights.blackcoffer.com/why-does-your-business-need-a-chatbot/,24,7,0.5483870790842877,0.06709956695432995,6.573770491803279,32.418952618453865,35.048460815175176,6.573770491803279,130,462,2.1670822942643393,0,6.326683291770574
55,57,https://insights.blackcoffer.com/how-you-lead-a-project-or-a-team-without-any-technical-expertise/,40,7,0.7021276446355821,0.07219662047281625,8.863636363636363,31.11111111111111,34.656565656565654,8.863636363636363,182,651,2.071794871794872,6,6.536752136752137
56,58,https://insights.blackcoffer.com/can-you-be-great-leader-without-technical-expertise/,30,6,0.6666666481481487,0.1698113199537202,11.470588235294118,40.0,44.588235294117645,11.470588235294118,78,212,2.164102564102564,8,6.7384615384615385
57,59,https://insights.blackcoffer.com/how-does-artificial-intelligence-affect-the-environment/,42,15,0.47368420221606666,0.06270627055807891,11.80281690140845,36.87350835322196,41.59463511378534,11.80281690140845,309,909,2.272076372315036,7,6.943914081145585
58,60,https://insights.blackcoffer.com/how-to-overcome-your-fear-of-making-mistakes-2/,26,71,-0.463917520990541,0.17765567733030097,6.0,28.418803418803417,30.81880341880342,6.0,133,546,2.0213675213675213,14,6.337606837606837
59,61,https://insights.blackcoffer.com/is-perfection-the-greatest-enemy-of-productivity/,55,22,0.42857142300556594,0.12897822423956745,6.753246753246753,25.0,27.7012987012987,6.753246753246753,130,597,1.898076923076923,5,6.0576923076923075
60,62,https://insights.blackcoffer.com/global-financial-crisis-2008-causes-effects-and-its-solution/,22,33,-0.19999999636363644,0.07812499988902699,13.666666666666666,27.286585365853657,32.75325203252032,13.666666666666666,179,704,1.961890243902439,0,6.288109756097561
61,63,https://insights.blackcoffer.com/gender-diversity-and-equality-in-the-tech-industry/,31,25,0.10714285522959188,0.06451612895793073,9.457831325301205,36.05095541401274,39.83408794413322,9.457831325301205,283,868,2.2815286624203823,10,6.805095541401274
62,64,https://insights.blackcoffer.com/how-to-overcome-your-fear-of-making-mistakes/,26,80,-0.5094339574581702,0.18307426565962995,6.2375,28.65731462925852,31.15231462925852,6.2375,143,579,2.032064128256513,16,6.3607214428857715
63,65,https://insights.blackcoffer.com/how-small-business-can-survive-the-coronavirus-crisis/,40,31,0.12676056159492166,0.08743842353763741,13.0,31.16710875331565,36.36710875331565,13.0,235,812,2.1220159151193636,8,6.541114058355437
64,66,https://insights.blackcoffer.com/impacts-of-covid-19-on-vegetable-vendors-and-food-stalls/,23,13,0.2777777700617286,0.08391608372047533,17.652173913043477,30.788177339901477,37.84904690511887,17.652173913043477,125,429,2.226600985221675,1,6.879310344827586
65,67,https://insights.blackcoffer.com/impacts-of-covid-19-on-vegetable-vendors/,36,25,0.1803278658962645,0.08701854481167112,17.945945945945947,35.09036144578313,42.268739824161514,17.945945945945947,233,701,2.2876506024096384,1,7.036144578313253
66,68,https://insights.blackcoffer.com/impact-of-covid-19-pandemic-on-tourism-aviation-industries/,34,49,-0.18072288938888087,0.08682008359119238,11.91891891891892,34.35374149659864,39.121309064166205,11.91891891891892,303,956,2.1564625850340136,9,6.7312925170068025
67,69,https://insights.blackcoffer.com/impact-of-covid-19-pandemic-on-sports-events-around-the-world/,21,12,0.2727272644628102,0.014518257802675646,11.026455026455027,26.919385796545107,31.32996780712712,11.026455026455027,561,2273,1.9491362763915547,0,6.092130518234165
68,70,https://insights.blackcoffer.com/changing-landscape-and-emerging-trends-in-the-indian-it-ites-industry/,37,46,-0.10843373363332852,0.08547888765656139,10.698795180722891,32.9954954954955,37.275013567784654,10.698795180722891,293,971,2.175675675675676,16,6.77027027027027
69,71,https://insights.blackcoffer.com/online-gaming-adolescent-online-gaming-effects-demotivated-depression-musculoskeletal-and-psychosomatic-symptoms/,28,67,-0.4105263114681441,0.10171306198960058,14.064516129032258,39.3348623853211,44.960668836934005,14.064516129032258,343,934,2.338302752293578,0,7.018348623853211
70,72,https://insights.blackcoffer.com/human-rights-outlook/,3,3,0.0,0.07058823446366783,8.444444444444445,28.94736842105263,32.32514619883041,8.444444444444445,22,85,2.1184210526315788,3,6.368421052631579
71,73,https://insights.blackcoffer.com/how-voice-search-makes-your-business-a-successful-business/,37,4,0.8048780291493164,0.08007812484359741,12.473684210526315,25.949367088607595,30.93884077281812,12.473684210526315,123,512,1.9113924050632911,1,6.272151898734177
72,74,https://insights.blackcoffer.com/how-the-covid-19-crisis-is-redefining-jobs-and-services/,37,34,0.04225352053164056,0.07434554966037116,6.958333333333333,37.0059880239521,39.78932135728543,6.958333333333333,309,955,2.1952095808383234,5,6.681437125748503
73,75,https://insights.blackcoffer.com/how-to-increase-social-media-engagement-for-marketers/,48,14,0.5483870879292405,0.060724779568340076,9.861702127659575,31.3915857605178,35.33626661158163,9.861702127659575,291,1021,2.1067961165048543,6,6.608414239482201
74,76,https://insights.blackcoffer.com/impacts-of-covid-19-on-streets-sides-food-stalls/,28,30,-0.03448275802615935,0.09715242864798589,11.702127659574469,30.545454545454547,35.22630560928433,11.702127659574469,168,597,2.1418181818181816,7,6.669090909090909
75,77,https://insights.blackcoffer.com/coronavirus-impact-on-energy-markets-2/,16,41,-0.43859648353339503,0.052680221762772435,13.426666666666666,36.64349553128103,42.0141621979477,13.426666666666666,369,1082,2.285004965243297,1,6.750744786494538
76,78,https://insights.blackcoffer.com/coronavirus-impact-on-the-hospitality-industry-5/,16,43,-0.4576271108876761,0.10786106013188106,10.16326530612245,33.53413654618474,37.59944266863372,10.16326530612245,167,547,2.2289156626506026,4,6.789156626506024
77,79,https://insights.blackcoffer.com/lessons-from-the-past-some-key-learnings-relevant-to-the-coronavirus-crisis-4/,35,44,-0.11392404919083482,0.12248061996514632,7.835616438356165,32.51748251748252,35.651729092824986,7.835616438356165,186,645,2.1346153846153846,32,6.641608391608392
78,80,https://insights.blackcoffer.com/estimating-the-impact-of-covid-19-on-the-world-of-work-2/,21,26,-0.10638297645993668,0.0833333331855792,13.1,36.45038167938932,41.69038167938932,13.1,191,564,2.267175572519084,14,6.805343511450381
79,81,https://insights.blackcoffer.com/estimating-the-impact-of-covid-19-on-the-world-of-work-3/,18,37,-0.34545453917355384,0.06447831176497267,13.216666666666667,31.525851197982345,36.81251786464901,13.216666666666667,250,853,2.1639344262295084,2,6.528373266078184
80,82,https://insights.blackcoffer.com/travel-and-tourism-outlook/,4,3,0.1428571224489825,0.07291666590711807,7.7272727272727275,23.529411764705884,26.620320855614974,7.7272727272727275,20,96,1.964705882352941,3,6.023529411764706
81,83,https://insights.blackcoffer.com/gaming-disorder-and-effects-of-gaming-on-health/,28,44,-0.2222222191358025,0.11650485418041286,9.655172413793103,31.071428571428573,34.933497536945815,9.655172413793103,174,618,2.0910714285714285,21,6.458928571428571
82,84,https://insights.blackcoffer.com/what-is-the-repercussion-of-the-environment-due-to-the-covid-19-pandemic-situation/,7,25,-0.5624999824218756,0.08488063637962696,9.771428571428572,33.04093567251462,36.94950710108605,9.771428571428572,113,377,2.1491228070175437,7,6.47953216374269
83,85,https://insights.blackcoffer.com/what-is-the-repercussion-of-the-environment-due-to-the-covid-19-pandemic-situation-2/,27,55,-0.34146341046995843,0.12148148130150892,12.5,37.92,42.92,12.5,237,675,2.288,3,6.9024
84,86,https://insights.blackcoffer.com/impact-of-covid-19-pandemic-on-office-space-and-co-working-industries/,21,34,-0.2363636320661158,0.11178861765896622,11.947368421052632,29.515418502202643,34.29436587062369,11.947368421052632,134,492,2.0286343612334803,12,6.557268722466961
85,87,https://insights.blackcoffer.com/contribution-of-handicrafts-visual-arts-literature-in-the-indian-economy/,5,2,0.4285713673469475,0.027777777667548503,18.384615384615383,36.82008368200837,44.17392983585452,18.384615384615383,88,252,2.276150627615063,1,7.066945606694561
86,88,https://insights.blackcoffer.com/how-covid-19-is-impacting-payment-preferences/,14,3,0.6470587854671302,0.04927536217601344,9.454545454545455,23.397435897435898,27.17925407925408,9.454545454545455,73,345,1.9487179487179487,4,6.141025641025641
87,89,https://insights.blackcoffer.com/how-will-covid-19-affect-the-world-of-work-2/,32,55,-0.2643678130532435,0.1459731541174947,17.625,37.5886524822695,44.63865248226951,17.625,212,596,2.278368794326241,5,6.99113475177305
88,90,https://insights.blackcoffer.com/lessons-from-the-past-some-key-learnings-relevant-to-the-coronavirus-crisis/,29,22,0.1372548992695118,0.16242038164834274,9.129032258064516,19.434628975265017,23.086241878490824,9.129032258064516,55,314,1.8197879858657244,40,5.80565371024735
89,91,https://insights.blackcoffer.com/covid-19-how-have-countries-been-responding/,6,38,-0.7272727107438021,0.06951026845259041,12.1875,33.84615384615385,38.72115384615385,12.1875,198,633,2.1555555555555554,0,6.661538461538462
90,92,https://insights.blackcoffer.com/coronavirus-impact-on-the-hospitality-industry-2/,14,31,-0.37777776938271623,0.0783972124069735,10.038461538461538,38.50574712643678,42.52113174182139,10.038461538461538,201,574,2.28544061302682,0,7.078544061302682
91,93,https://insights.blackcoffer.com/how-will-covid-19-affect-the-world-of-work-3/,33,48,-0.18518518289894836,0.12636505440504672,11.568627450980392,32.54237288135593,37.169823861748085,11.568627450980392,192,641,2.123728813559322,1,6.723728813559322
92,94,https://insights.blackcoffer.com/coronavirus-impact-on-the-hospitality-industry-3/,25,35,-0.16666666388888896,0.0834492349326158,11.614035087719298,33.53474320241692,38.18035723750464,11.614035087719298,222,719,2.212990936555891,8,6.619335347432024
93,95,https://insights.blackcoffer.com/estimating-the-impact-of-covid-19-on-the-world-of-work/,43,47,-0.04444444395061729,0.10440835254709008,10.972222222222221,28.860759493670887,33.249648382559776,10.972222222222221,228,862,2.0569620253164556,3,6.527848101265823
94,96,https://insights.blackcoffer.com/covid-19-how-have-countries-been-responding-2/,22,46,-0.3529411712802769,0.0626151012314778,11.776470588235295,34.66533466533467,39.37592290062879,11.776470588235295,347,1086,2.191808191808192,2,6.592407592407592
95,97,https://insights.blackcoffer.com/how-will-covid-19-affect-the-world-of-work-4/,24,26,-0.03999999920000002,0.12626262594378124,17.857142857142858,17.066666666666666,24.20952380952381,17.857142857142858,64,396,1.7706666666666666,46,5.68
96,98,https://insights.blackcoffer.com/lessons-from-the-past-some-key-learnings-relevant-to-the-coronavirus-crisis-2/,37,73,-0.3272727242975207,0.09606986891172936,14.266666666666667,32.99065420560748,38.69732087227415,14.266666666666667,353,1145,2.1542056074766354,8,6.71588785046729
97,99,https://insights.blackcoffer.com/lessons-from-the-past-some-key-learnings-relevant-to-the-coronavirus-crisis-3/,34,55,-0.23595505352859492,0.13444108741020983,8.594202898550725,19.05564924114671,22.493330400567,8.594202898550725,113,662,1.8010118043844856,7,5.892074198988196
98,100,https://insights.blackcoffer.com/coronavirus-impact-on-the-hospitality-industry-4/,10,14,-0.1666666597222225,0.11320754663581346,9.6,41.145833333333336,44.98583333333333,9.6,79,212,2.4791666666666665,1,7.286458333333333
99,101,https://insights.blackcoffer.com/why-scams-like-nirav-modi-happen-with-indian-banks/,42,88,-0.3538461511242604,0.09359251253161086,14.263736263736265,33.12788906009245,38.833383565586956,14.263736263736265,430,1389,2.1348228043143296,1,6.526964560862866
100,102,https://insights.blackcoffer.com/impact-of-covid-19-on-the-global-economy/,35,61,-0.2708333305121528,0.13675213655733315,9.96875,25.54858934169279,29.53608934169279,9.96875,163,702,1.932601880877743,46,6.205329153605016
101,103,https://insights.blackcoffer.com/impact-of-covid-19coronavirus-on-the-indian-economy-2/,35,66,-0.3069306900303892,0.10181451602639666,9.333333333333334,29.352678571428573,33.086011904761904,9.333333333333334,263,992,2.1183035714285716,12,6.424107142857143
102,104,https://insights.blackcoffer.com/impact-of-covid-19-on-the-global-economy-2/,38,84,-0.37704917723730186,0.12163509459458116,11.85897435897436,30.594594594594593,35.338184338184334,11.85897435897436,283,1003,2.130810810810811,11,6.618378378378378
103,105,https://insights.blackcoffer.com/impact-of-covid-19-coronavirus-on-the-indian-economy-3/,45,74,-0.24369747694371868,0.09916666658402777,14.584415584415584,34.81745325022262,40.651219483988854,14.584415584415584,391,1200,2.1585040071237755,14,6.52626892252894
104,106,https://insights.blackcoffer.com/should-celebrities-be-allowed-to-join-politics/,60,19,0.518987335202692,0.07884231529057653,14.65625,39.33901918976546,45.20151918976546,14.65625,369,1002,2.318763326226013,3,6.97228144989339
105,107,https://insights.blackcoffer.com/how-prepared-is-india-to-tackle-a-possible-covid-19-outbreak/,16,23,-0.17948717488494426,0.0844155842328667,13.4375,31.162790697674417,36.53779069767442,13.4375,134,462,2.1651162790697676,5,6.72093023255814
106,108,https://insights.blackcoffer.com/how-will-covid-19-affect-the-world-of-work/,43,96,-0.38129496128564777,0.14946236543068564,11.236842105263158,34.777517564402814,39.272254406508075,11.236842105263158,297,930,2.2669789227166275,7,6.885245901639344
107,109,https://insights.blackcoffer.com/controversy-as-a-marketing-strategy/,31,44,-0.17333333102222226,0.14204545427642906,10.478260869565217,31.12033195020747,35.311636298033555,10.478260869565217,150,528,2.091286307053942,4,6.5995850622406635
108,110,https://insights.blackcoffer.com/coronavirus-impact-on-the-hospitality-industry/,5,22,-0.6296296063100145,0.06235565805460587,12.96774193548387,32.58706467661692,37.77416145081047,12.96774193548387,131,433,2.216417910447761,1,6.5721393034825875
109,111,https://insights.blackcoffer.com/coronavirus-impact-on-energy-markets/,23,61,-0.45238094699546494,0.07999999992380952,19.58823529411765,29.42942942942943,37.264723547076485,19.58823529411765,294,1050,2.1421421421421423,2,6.471471471471472
110,112,https://insights.blackcoffer.com/what-are-the-key-policies-that-will-mitigate-the-impacts-of-covid-19-on-the-world-of-work/,86,30,0.482758616527943,0.10974455997185945,14.1,33.53596757852077,39.17596757852077,14.1,331,1057,2.1651469098277607,0,6.768996960486322
111,113,https://insights.blackcoffer.com/marketing-drives-results-with-a-focus-on-problems/,28,21,0.14285713994169102,0.05910735819166784,12.816666666666666,31.339401820546165,36.46606848721283,12.816666666666666,241,829,2.1066319895968793,6,6.3485045513654095
112,114,https://insights.blackcoffer.com/continued-demand-for-sustainability/,48,32,0.19999999750000003,0.12861736313727112,14.170731707317072,48.19277108433735,53.861063767264184,14.170731707317072,280,622,2.5783132530120483,0,7.6006884681583475
113,115,https://insights.blackcoffer.com/coronavirus-disease-covid-19-effect-the-impact-and-role-of-mass-media-during-the-pandemic/,9,14,-0.21739129489603065,0.09956709913607316,14.4,38.888888888888886,44.648888888888884,14.4,84,231,2.4768518518518516,8,7.430555555555555
114,116,https://insights.blackcoffer.com/should-people-wear-fabric-gloves-seeking-evidence-regarding-the-differential-transfer-of-covid-19-or-coronaviruses-generally-between-surfaces/,6,8,-0.14285713265306196,0.08917197395431864,10.214285714285714,16.783216783216783,20.86893106893107,10.214285714285714,24,157,1.7622377622377623,8,5.748251748251748
115,117,https://insights.blackcoffer.com/why-is-there-a-severe-immunological-and-inflammatory-explosion-in-those-affected-by-sarms-covid-19/,0,19,-0.9999999473684238,0.0922330092610048,9.3,31.72043010752688,35.44043010752688,9.3,59,206,2.2688172043010755,4,6.5
116,118,https://insights.blackcoffer.com/what-do-you-think-is-the-lesson-or-lessons-to-be-learned-with-covid-19/,4,8,-0.3333333055555579,0.09917355289939213,14.125,32.743362831858406,38.393362831858404,14.125,37,121,2.0973451327433628,4,6.371681415929204
117,119,https://insights.blackcoffer.com/coronavirus-the-unexpected-challenge-for-the-european-union/,5,10,-0.3333333111111126,0.11111111028806585,8.642857142857142,38.01652892561984,41.47367178276269,8.642857142857142,46,135,2.2148760330578514,6,6.661157024793388
118,120,https://insights.blackcoffer.com/industrial-revolution-4-0-pros-and-cons/,36,20,0.285714280612245,0.1393034822405386,8.571428571428571,44.44444444444444,47.87301587301587,8.571428571428571,160,402,2.433333333333333,2,7.283333333333333
119,121,https://insights.blackcoffer.com/impact-of-covid-19-coronavirus-on-the-indian-economy/,17,55,-0.5277777704475309,0.12349914215523303,10.431372549019608,31.203007518796994,35.37555653840484,10.431372549019608,166,583,2.1447368421052633,0,6.665413533834586
120,122,https://insights.blackcoffer.com/impact-of-covid-19-coronavirus-on-the-indian-economy-2/,9,48,-0.6842105143120962,0.11176470566320645,14.0,29.41176470588235,35.01176470588235,14.0,140,510,2.134453781512605,8,6.5588235294117645
121,123,https://insights.blackcoffer.com/impact-of-covid-19coronavirus-on-the-indian-economy/,37,65,-0.27450980123029606,0.09883720920655308,11.9,36.44957983193277,41.20957983193277,11.9,347,1032,2.2909663865546217,0,6.8728991596638656
122,124,https://insights.blackcoffer.com/impact-of-covid-19-coronavirus-on-the-global-economy/,5,26,-0.677419332986473,0.08563535887946033,9.342857142857143,32.415902140672785,36.15304499781564,9.342857142857143,106,362,2.2660550458715596,1,6.675840978593272
123,125,https://insights.blackcoffer.com/ensuring-growth-through-insurance-technology/,25,17,0.1904761859410432,0.06451612893315495,12.5625,38.640132669983416,43.665132669983414,12.5625,233,651,2.2620232172470978,2,6.7893864013267
124,126,https://insights.blackcoffer.com/blockchain-in-fintech/,15,14,0.034482757431629055,0.05719921093254594,12.702702702702704,32.12765957446808,37.208740655549164,12.702702702702704,151,507,2.234042553191489,2,7.138297872340425
125,127,https://insights.blackcoffer.com/blockchain-for-payments/,22,29,-0.1372548992695118,0.08885017406123663,10.958333333333334,31.1787072243346,35.562040557667935,10.958333333333334,164,574,2.17680608365019,9,6.82319391634981
126,128,https://insights.blackcoffer.com/the-future-of-investing/,40,15,0.4545454462809919,0.05723204988841618,11.320512820512821,31.030577576443942,35.55878270464907,11.320512820512821,274,961,2.12797281993205,1,6.566251415628539
127,129,https://insights.blackcoffer.com/big-data-analytics-in-healthcare/,26,44,-0.2571428534693878,0.09681881037784397,9.791044776119403,36.1280487804878,40.044466690935565,9.791044776119403,237,723,2.216463414634146,2,6.7317073170731705
128,130,https://insights.blackcoffer.com/business-analytics-in-the-healthcare-industry/,31,7,0.6315789307479229,0.0896226412980598,13.133333333333333,49.746192893401016,54.999526226734346,13.133333333333333,196,424,2.5736040609137056,0,7.781725888324873
129,131,https://insights.blackcoffer.com/challenges-and-opportunities-of-big-data-in-healthcare/,33,41,-0.10810810664718776,0.11878009611752793,8.43939393939394,36.44524236983842,39.82099994559599,8.43939393939394,203,623,2.2692998204667862,10,6.798922800718133
130,132,https://insights.blackcoffer.com/obstacles-to-data-driven-healthcare/,40,40,0.0,0.09302325570578691,14.636363636363637,32.91925465838509,38.773800112930545,14.636363636363637,265,860,2.252173913043478,3,6.735403726708075
131,133,https://insights.blackcoffer.com/monetization-of-data-innovate-to-harvest-the-full-value-of-data/,44,13,0.5438596395814098,0.07949790783891506,12.277777777777779,42.98642533936651,47.897536450477624,12.277777777777779,285,717,2.506787330316742,0,7.251885369532428
132,134,https://insights.blackcoffer.com/traceability-of-information-master-your-data-capital/,27,24,0.05882352825836219,0.07254623033777208,13.06,42.57274119448698,47.796741194486984,13.06,278,703,2.4808575803981623,12,7.303215926493109
133,135,https://insights.blackcoffer.com/bank-risk-management-india/,30,25,0.09090908925619838,0.0709677418439126,11.704918032786885,33.61344537815126,38.295412591266015,11.704918032786885,240,775,2.130252100840336,0,6.4677871148459385
134,136,https://insights.blackcoffer.com/advance-analytics-for-refocusing-profits/,51,21,0.4166666608796297,0.09033877027561008,9.917808219178083,42.95580110497237,46.92292439264361,9.917808219178083,311,797,2.3577348066298343,0,7.212707182320442
135,137,https://insights.blackcoffer.com/role-of-big-data-analytics-banking-and-finance/,12,16,-0.14285713775510223,0.05679513173063868,10.204545454545455,37.193763919821826,41.27558210164001,10.204545454545455,167,493,2.267260579064588,0,6.685968819599109
136,138,https://insights.blackcoffer.com/mitigating-bank-risk-management/,44,61,-0.16190476036281182,0.12851897169091925,15.019607843137255,34.07310704960835,40.080950186863255,15.019607843137255,261,817,2.2232375979112273,2,6.774151436031332
137,139,https://insights.blackcoffer.com/future-of-bank-risk-management/,20,59,-0.4936708798269509,0.1736263732447772,10.973684210526315,34.77218225419664,39.16165593840717,10.973684210526315,145,455,2.1630695443645083,3,6.676258992805756
138,140,https://insights.blackcoffer.com/advanced-analytics-redefining-banking/,43,17,0.43333332611111125,0.06841505123327817,13.616666666666667,37.9436964504284,43.39036311709506,13.616666666666667,310,877,2.248470012239902,18,6.9877600979192165
139,141,https://insights.blackcoffer.com/marketing-analytics-needs/,55,2,0.9298245450907975,0.06713780910820046,9.884615384615385,42.80155642023346,46.75540257407961,9.884615384615385,330,849,2.3800259403372244,11,7.110246433203631
140,142,https://insights.blackcoffer.com/big-data-analytics-to-bring-transparency-and-good-governance/,31,19,0.23999999520000012,0.09578544042952981,13.5,45.06172839506173,50.461728395061726,13.5,219,522,2.4444444444444446,0,7.181069958847736
141,143,https://insights.blackcoffer.com/how-political-leaders-will-shape-tomorrow-using-big-data-analytics/,32,18,0.2799999944000001,0.0776397514322364,15.1,40.06622516556291,46.10622516556291,15.1,242,644,2.4089403973509933,4,7.1490066225165565
142,144,https://insights.blackcoffer.com/big-data-and-analytics-to-help-form-political-leaders-win-election/,29,19,0.20833332899305565,0.08510638282782557,9.641509433962264,39.726027397260275,43.58263117084518,9.641509433962264,203,564,2.3737769080234834,0,6.902152641878669
143,145,https://insights.blackcoffer.com/the-emergence-of-data-analytics/,11,10,0.04761904535147403,0.059154929410831184,11.241379310344827,38.65030674846626,43.14685847260419,11.241379310344827,126,355,2.3190184049079754,2,6.742331288343558
144,146,https://insights.blackcoffer.com/how-artificial-intelligence-can-deliver-real-value-to-companies-2/,58,16,0.5675675598977357,0.0836158191145584,10.0625,42.608695652173914,46.63369565217391,10.0625,343,885,2.4298136645962733,6,7.17888198757764
145,147,https://insights.blackcoffer.com/the-prospective-recipe-of-success-in-the-age-of-analytics/,28,19,0.19148935762788602,0.06500691553940952,9.632352941176471,43.3587786259542,47.21171980242479,9.632352941176471,284,723,2.3099236641221372,9,6.949618320610687
146,148,https://insights.blackcoffer.com/using-people-analytics-to-drive-business-performance/,19,8,0.4074073923182447,0.07068062808722349,10.235294117647058,29.885057471264368,33.97917511832319,10.235294117647058,104,382,2.0919540229885056,5,6.589080459770115
147,149,https://insights.blackcoffer.com/how-artificial-intelligence-can-deliver-real-value-to-companies/,28,30,-0.03448275802615935,0.08417997085024678,10.112903225806452,36.68261562998405,40.72777692030663,10.112903225806452,230,689,2.2822966507177034,6,6.755980861244019
148,150,https://insights.blackcoffer.com/big-data-analytics-through-iot-in-oil-and-gas-industry/,40,58,-0.18367346751353605,0.09542356368507929,13.67142857142857,39.08045977011494,44.54903119868637,13.67142857142857,374,1027,2.276907001044932,1,6.900731452455591
149,151,https://insights.blackcoffer.com/how-big-data-and-analytics-is-helping-marketing-leaders/,35,11,0.5217391190926278,0.06855439632108137,9.166666666666666,42.14876033057851,45.815426997245176,9.166666666666666,255,671,2.396694214876033,5,7.087603305785124
150,152,https://insights.blackcoffer.com/what-analytics-outsourcing-engagement-model-is-right-for-you/,36,5,0.7560975425342064,0.07167832155300993,11.434782608695652,41.254752851711025,45.82866589518929,11.434782608695652,217,572,2.3555133079847907,1,7.08745247148289
151,153,https://insights.blackcoffer.com/big-data-analytics-solving-problems-banking-and-finance-industry/,17,15,0.06249999804687507,0.05904059029697308,9.627450980392156,39.5112016293279,43.36218202148476,9.627450980392156,194,542,2.319755600814664,3,6.967413441955194
152,154,https://insights.blackcoffer.com/analytics-healthcare-industry/,45,25,0.2857142816326531,0.11345218782260585,11.591836734693878,42.25352112676056,46.89025582063811,11.591836734693878,240,617,2.454225352112676,1,7.195422535211268
153,155,https://insights.blackcoffer.com/business-analytics-textile-industry/,37,6,0.7209302157923206,0.0599721059135675,20.727272727272727,46.63742690058479,54.92833599149388,20.727272727272727,319,717,2.492690058479532,3,7.295321637426901
154,156,https://insights.blackcoffer.com/big-data-marketing-reality/,22,11,0.33333332323232356,0.058407079542642334,10.770833333333334,33.65570599613153,37.96403932946487,10.770833333333334,174,565,2.2127659574468086,1,6.71953578336557
155,157,https://insights.blackcoffer.com/understanding-millennial-market/,19,14,0.15151514692378343,0.09401709374923906,14.954545454545455,30.3951367781155,36.376954959933684,14.954545454545455,100,351,2.0972644376899696,3,6.76595744680851
156,158,https://insights.blackcoffer.com/analytics-helping-fashion-e-tailers-develop-markets-developing-countries/,19,2,0.8095237709750585,0.04895104883694394,10.594594594594595,41.58163265306123,45.819470490899064,10.594594594594595,163,429,2.385204081632653,1,7.005102040816326
157,159,https://insights.blackcoffer.com/big-data-analytics-change-healthcare-developing-countries/,43,8,0.6862744963475589,0.10365853637467777,15.96551724137931,35.85313174946004,42.23933864601177,15.96551724137931,166,492,2.323974082073434,0,7.077753779697624
158,160,https://insights.blackcoffer.com/big-data-analytics-help-voters-know-political-leaders/,18,3,0.7142856802721105,0.054123711200712084,11.516129032258064,38.095238095238095,42.70168970814132,11.516129032258064,136,388,2.291316526610644,1,6.733893557422969
159,161,https://insights.blackcoffer.com/digital-transformation-oil-gas/,21,20,0.024390243307555043,0.09761904738662132,14.555555555555555,48.091603053435115,53.91382527565734,14.555555555555555,189,420,2.4529262086513994,1,7.114503816793893
160,162,https://insights.blackcoffer.com/data-analytics-reduce-cost-production/,23,7,0.5333333155555561,0.06651884685915999,17.04,39.201877934272304,46.017877934272306,17.04,167,451,2.232394366197183,0,6.622065727699531
161,163,https://insights.blackcoffer.com/gaining-insights-internal-data-retail/,18,3,0.7142856802721105,0.05454545440377804,15.041666666666666,43.767313019390585,49.78397968605725,15.041666666666666,158,385,2.398891966759003,0,6.883656509695291
162,164,https://insights.blackcoffer.com/role-big-data-cyber-security/,28,26,0.037037036351165994,0.10931174066940944,16.03448275862069,47.956989247311824,54.3707823507601,16.03448275862069,223,494,2.58494623655914,0,7.286021505376344
163,165,https://insights.blackcoffer.com/role-big-data-healthcare/,48,54,-0.05882352883506344,0.13110539828906762,12.892857142857142,41.96675900277008,47.12390185991294,12.892857142857142,303,778,2.4293628808864267,0,7.267313019390581
164,166,https://insights.blackcoffer.com/data-driven-dashboards/,22,8,0.4666666511111116,0.05628517813079704,10.844444444444445,30.737704918032787,35.075482695810564,10.844444444444445,150,533,2.1721311475409837,1,6.713114754098361
165,167,https://insights.blackcoffer.com/role-big-data-academia/,30,18,0.2499999947916668,0.05680473366058612,10.41891891891892,33.0739299610895,37.241497528657064,10.41891891891892,255,845,2.264591439688716,15,6.844357976653696
166,168,https://insights.blackcoffer.com/sales-forecasting-in-retail/,31,19,0.23999999520000012,0.08156606838243709,14.325,36.99825479930192,42.72825479930192,14.325,212,613,2.345549738219895,0,7.047120418848167
167,169,https://insights.blackcoffer.com/detect-data-exfiltration-over-the-network/,15,44,-0.4915254153978743,0.0904907974072227,11.538461538461538,38.0,42.61538461538461,11.538461538461538,228,652,2.341666666666667,11,6.821666666666666
168,170,https://insights.blackcoffer.com/data-exfiltration/,4,7,-0.2727272479338866,0.034374999892578126,10.851851851851851,35.153583617747444,39.494324358488186,10.851851851851851,103,320,2.262798634812287,12,6.805460750853243
169,171,https://insights.blackcoffer.com/impacts-of-covid-19-on-vegetable-vendors-and-food-stalls/,23,13,0.2777777700617286,0.08391608372047533,17.652173913043477,30.788177339901477,37.84904690511887,17.652173913043477,125,429,2.226600985221675,1,6.879310344827586
